{"type": "NN", "build time": 20.990164756774902, "search time": 0.0, "average error": 4.764705882352941, "store size": 218}