{"type": "NN", "build time": 26.24945330619812, "search time": 5.881926592658548e-05, "average error": 4.0588235294117645, "store size": 217}