{"type": "NN", "build time": 21.08730173110962, "search time": 0.0, "average error": 7.294117647058823, "store size": 217}