{"type": "NN", "build time": 26.1518235206604, "search time": 5.900158601648667e-05, "average error": 8.411764705882353, "store size": 217}