{"type": "NN", "build time": 26.395806550979614, "search time": 5.8931462904986216e-05, "average error": 5.529411764705882, "store size": 218}