{"type": "NN", "build time": 26.700414180755615, "search time": 5.8959512149586394e-05, "average error": 4.764705882352941, "store size": 218}