{"type": "NN", "build time": 27.884968996047974, "search time": 6.236749536850873e-05, "average error": 2.9411764705882355, "store size": 218}