{"type": "NN", "build time": 27.80821204185486, "search time": 5.86088965920841e-05, "average error": 4.764705882352941, "store size": 219}