{"type": "NN", "build time": 26.398196697235107, "search time": 6.365776062011719e-05, "average error": 5.0588235294117645, "store size": 219}