{"type": "NN", "build time": 24.713512897491455, "search time": 5.8650970458984375e-05, "average error": 4.117647058823529, "store size": 218}