{"type": "NN", "build time": 26.121533393859863, "search time": 0.0, "average error": 3.176470588235294, "store size": 217}