{"type": "NN", "build time": 26.851215839385986, "search time": 5.888938903808594e-05, "average error": 3.3529411764705883, "store size": 219}