{"type": "NN", "build time": 25.72836446762085, "search time": 5.880524130428539e-05, "average error": 3.411764705882353, "store size": 217}