{"type": "NN", "build time": 28.89903497695923, "search time": 5.880524130428539e-05, "average error": 6.235294117647059, "store size": 218}