{"type": "NN", "build time": 26.248335123062134, "search time": 5.900158601648667e-05, "average error": 4.352941176470588, "store size": 218}