{"type": "NN", "build time": 26.2093665599823, "search time": 0.00012421607971191406, "average error": 4.176470588235294, "store size": 218}