{"type": "NN", "build time": 22.874080896377563, "search time": 0.00011770865496467141, "average error": 5.176470588235294, "store size": 218}