{"type": "NN", "build time": 27.89429235458374, "search time": 5.874914281508502e-05, "average error": 2.3529411764705883, "store size": 218}