{"type": "NN", "build time": 28.721729516983032, "search time": 6.183455972110524e-05, "average error": 3.235294117647059, "store size": 219}