{"type": "NN", "build time": 25.584486961364746, "search time": 0.0, "average error": 6.9411764705882355, "store size": 219}