{"type": "NN", "build time": 23.292197227478027, "search time": 0.0, "average error": 4.647058823529412, "store size": 218}