{"type": "NN", "build time": 26.946826219558716, "search time": 0.00011776475345387178, "average error": 3.823529411764706, "store size": 218}