{"type": "NN", "build time": 26.910889387130737, "search time": 5.886133979348575e-05, "average error": 7.529411764705882, "store size": 218}