{"type": "NN", "build time": 26.940726041793823, "search time": 5.880524130428539e-05, "average error": 14.058823529411764, "store size": 217}