{"type": "NN", "build time": 21.32899022102356, "search time": 0.00011765255647547105, "average error": 4.294117647058823, "store size": 218}