{"type": "NN", "build time": 25.478453159332275, "search time": 6.3475440530216e-05, "average error": 6.352941176470588, "store size": 217}