{"type": "NN", "build time": 26.379153966903687, "search time": 5.891743828268612e-05, "average error": 5.647058823529412, "store size": 219}