{"type": "NN", "build time": 28.604634523391724, "search time": 5.886133979348575e-05, "average error": 4.647058823529412, "store size": 217}