{"type": "NN", "build time": 26.09684920310974, "search time": 5.867901970358456e-05, "average error": 2.764705882352941, "store size": 218}