{"type": "NN", "build time": 26.720354080200195, "search time": 5.881926592658548e-05, "average error": 6.294117647058823, "store size": 217}