{"type": "NN", "build time": 26.706819534301758, "search time": 5.888938903808594e-05, "average error": 3.235294117647059, "store size": 218}