{"type": "NN", "build time": 21.070302724838257, "search time": 0.0, "average error": 4.470588235294118, "store size": 217}