{"type": "NN", "build time": 21.269680500030518, "search time": 5.87771920596852e-05, "average error": 4.176470588235294, "store size": 217}