{"type": "NN", "build time": 28.596497774124146, "search time": 5.883329054888557e-05, "average error": 5.294117647058823, "store size": 218}