{"type": "NN", "build time": 28.671146631240845, "search time": 5.8931462904986216e-05, "average error": 3.0588235294117645, "store size": 219}