{"type": "NN", "build time": 28.71538782119751, "search time": 5.883329054888557e-05, "average error": 5.529411764705882, "store size": 217}