{"type": "NN", "build time": 26.987308263778687, "search time": 5.881926592658548e-05, "average error": 3.823529411764706, "store size": 216}