{"type": "NN", "build time": 23.13876700401306, "search time": 5.880524130428539e-05, "average error": 6.588235294117647, "store size": 219}