{"type": "NN", "build time": 27.61433482170105, "search time": 0.0, "average error": 4.823529411764706, "store size": 218}