{"type": "NN", "build time": 25.98026728630066, "search time": 5.8875364415785845e-05, "average error": 5.588235294117647, "store size": 217}