{"type": "NN", "build time": 28.59160327911377, "search time": 0.00011765255647547105, "average error": 4.588235294117647, "store size": 218}