{"type": "NN", "build time": 25.483922243118286, "search time": 5.883329054888557e-05, "average error": 7.176470588235294, "store size": 218}