{"type": "NN", "build time": 26.620628833770752, "search time": 5.884731517118566e-05, "average error": 6.470588235294118, "store size": 217}