{"type": "NN", "build time": 25.558812379837036, "search time": 5.8875364415785845e-05, "average error": 4.764705882352941, "store size": 218}