{"type": "NN", "build time": 26.740971565246582, "search time": 5.9015610638786765e-05, "average error": 6.0588235294117645, "store size": 218}