{"type": "NN", "build time": 27.673683881759644, "search time": 0.0, "average error": 4.470588235294118, "store size": 218}