{"type": "NN", "build time": 25.510822057724, "search time": 5.87771920596852e-05, "average error": 5.529411764705882, "store size": 219}