{"type": "NN", "build time": 26.02886962890625, "search time": 0.0, "average error": 4.0588235294117645, "store size": 218}