{"type": "NN", "build time": 25.666372776031494, "search time": 5.872109357048483e-05, "average error": 4.705882352941177, "store size": 218}