{"type": "NN", "build time": 22.82672357559204, "search time": 5.881926592658548e-05, "average error": 3.7058823529411766, "store size": 218}