{"type": "NN", "build time": 26.047521352767944, "search time": 6.177846123190487e-05, "average error": 3.2941176470588234, "store size": 217}