{"type": "NN", "build time": 28.47266936302185, "search time": 6.175041198730469e-05, "average error": 5.882352941176471, "store size": 217}