{"type": "NN", "build time": 26.393239736557007, "search time": 6.218517527860753e-05, "average error": 3.176470588235294, "store size": 219}