{"type": "NN", "build time": 26.495057106018066, "search time": 5.876316743738511e-05, "average error": 5.470588235294118, "store size": 217}