{"type": "NN", "build time": 25.569105625152588, "search time": 5.8791216681985295e-05, "average error": 5.764705882352941, "store size": 218}