{"type": "NN", "build time": 28.49506974220276, "search time": 5.8959512149586394e-05, "average error": 3.588235294117647, "store size": 219}