{"type": "NN", "build time": 27.154685735702515, "search time": 0.0, "average error": 5.294117647058823, "store size": 218}