{"type": "NN", "build time": 25.876081705093384, "search time": 0.0, "average error": 4.705882352941177, "store size": 219}