{"type": "NN", "build time": 23.264804124832153, "search time": 5.8875364415785845e-05, "average error": 4.882352941176471, "store size": 217}