{"type": "NN", "build time": 25.33378767967224, "search time": 0.0, "average error": 3.6470588235294117, "store size": 216}