{"type": "NN", "build time": 28.770689249038696, "search time": 0.00011763853185317096, "average error": 6.235294117647059, "store size": 218}